city,gtfs_stops_within_300m_pct
Bordeaux,
Marseille,
Nantes,
Lyon,
Rennes,
Lille,
La Roche-sur-Yon,
Paris,
Belfort,
Toulouse,
Vichy,
Brest,
Angers,
Besançon,
Strasbourg,
Nancy,
Périgueux,
Amiens,
Carcassonne,
Auray,
Grenoble,
Argelès-sur-Mer,
Bourg-en-Bresse,
La Baule,
Épinal,
Cergy-Pontoise,
Dijon,
Longwy,
Saint-Brieuc,
Clermont-Ferrand,
Landerneau,
Libourne,
Mulhouse,
Niort,
Troyes,
PAU,
Louviers,
Calais,
Les Sables-d'Olonne,
Montpellier,
Soissons,
Reims,
Auxerre,
Agen,
Cholet,
Valence,
Caen,
Brive-la-Gaillarde,
Chantrerie,
Avignon,
Laon,
Pointe-à-Pitre,
Royan,
Annecy,
Ardenne Métropole,
Saint-Étienne,
Cherbourg-en-Cotentin,
La Réunion,
Tarbes,
Saint-Nazaire,
Châtellerault,
Montreuil-Bellay,
